{
  "camera_idx": 0,
  "img_name": "DJI_20231217161327_0002_Zenmuse-L1-mission",
  "width": 1368,
  "height": 912,
  "fx": 922.4643884999999,
  "fy": 922.4643885,
  "FoVx": 1.276067480038182,
  "FoVy": 0.9181994854789772,
  "view_matrix_colmajor": [
    [
      0.7984241843223572,
      -0.602063000202179,
      0.006263424642384052,
      0.0
    ],
    [
      -0.601816713809967,
      -0.7976958155632019,
      0.03873216733336449,
      0.0
    ],
    [
      -0.018322888761758804,
      -0.034694135189056396,
      -0.999231219291687,
      0.0
    ],
    [
      70.6389389038086,
      -90.25836181640625,
      2.330158233642578,
      1.0
    ]
  ],
  "projection_matrix_colmajor": [
    [
      1.3486320972442627,
      0.0,
      0.0,
      0.0
    ],
    [
      0.0,
      2.0229482650756836,
      0.0,
      0.0
    ],
    [
      0.0,
      0.0,
      1.000100016593933,
      1.0
    ],
    [
      0.0,
      0.0,
      -0.010001000016927719,
      0.0
    ]
  ],
  "camera_center": [
    -110.75560760498047,
    -29.577133178710938,
    0.49124011397361755
  ],
  "cameras_json_entry": {
    "id": 0,
    "img_name": "DJI_20231217161327_0002_Zenmuse-L1-mission",
    "width": 5472,
    "height": 3648,
    "position": [
      -110.7556028850671,
      -29.577134196919584,
      0.49124012973469666
    ],
    "rotation": [
      [
        0.7984241799918808,
        -0.6020629864541109,
        0.006263424431449471
      ],
      [
        -0.6018167012245964,
        -0.7976958252991488,
        0.038732166772989955
      ],
      [
        -0.01832288925896294,
        -0.034694134342032015,
        -0.9992311956588756
      ]
    ],
    "fy": 3689.857554,
    "fx": 3689.8575539999997
  }
}